"","x"
"1","C00022"
"2","C00024"
"3","C00031"
"4","C00033"
"5","C00036"
"6","C00068"
"7","C00074"
"8","C00084"
"9","C00103"
"10","C00111"
"11","C00118"
"12","C00186"
"13","C00197"
"14","C00221"
"15","C00236"
"16","C00267"
"17","C00469"
"18","C00631"
"19","C00668"
"20","C01159"
"21","C01172"
"22","C01451"
"23","C05125"
"24","C05345"
"25","C05378"
"26","C06186"
"27","C06187"
"28","C06188"
"29","C15972"
"30","C15973"
"31","C16255"
"32","C00026"
"33","C00042"
"34","C00091"
"35","C00122"
"36","C00149"
"37","C00158"
"38","C00311"
"39","C00417"
"40","C05379"
"41","C05381"
"42","C16254"
"43","C00117"
"44","C00119"
"45","C00121"
"46","C00198"
"47","C00199"
"48","C00204"
"49","C00231"
"50","C00257"
"51","C00258"
"52","C00279"
"53","C00345"
"54","C00577"
"55","C00620"
"56","C00672"
"57","C00673"
"58","C01151"
"59","C01218"
"60","C01236"
"61","C01801"
"62","C03752"
"63","C04442"
"64","C05382"
"65","C06019"
"66","C06473"
"67","C20589"
"68","C00029"
"69","C00116"
"70","C00167"
"71","C00181"
"72","C00191"
"73","C00216"
"74","C00259"
"75","C00266"
"76","C00309"
"77","C00310"
"78","C00312"
"79","C00333"
"80","C00379"
"81","C00433"
"82","C00470"
"83","C00474"
"84","C00476"
"85","C00502"
"86","C00508"
"87","C00514"
"88","C00532"
"89","C00558"
"90","C00618"
"91","C00714"
"92","C00789"
"93","C00800"
"94","C00817"
"95","C00905"
"96","C01068"
"97","C01101"
"98","C01508"
"99","C01904"
"100","C02266"
"101","C02273"
"102","C02426"
"103","C02753"
"104","C03033"
"105","C03291"
"106","C03826"
"107","C04053"
"108","C04349"
"109","C04575"
"110","C05385"
"111","C05411"
"112","C05412"
"113","C06118"
"114","C06441"
"115","C14899"
"116","C15930"
"117","C20680"
"118","C22337"
"119","C00095"
"120","C00096"
"121","C00159"
"122","C00247"
"123","C00275"
"124","C00325"
"125","C00392"
"126","C00424"
"127","C00464"
"128","C00507"
"129","C00636"
"130","C00644"
"131","C00665"
"132","C00794"
"133","C00861"
"134","C00976"
"135","C01019"
"136","C01094"
"137","C01096"
"138","C01099"
"139","C01131"
"140","C01222"
"141","C01355"
"142","C01487"
"143","C01720"
"144","C01721"
"145","C01768"
"146","C01934"
"147","C02431"
"148","C02492"
"149","C02888"
"150","C02962"
"151","C02977"
"152","C02985"
"153","C02991"
"154","C03117"
"155","C03267"
"156","C03827"
"157","C03979"
"158","C05144"
"159","C05392"
"160","C06192"
"161","C11516"
"162","C11544"
"163","C18028"
"164","C18096"
"165","C20781"
"166","C00052"
"167","C00085"
"168","C00089"
"169","C00124"
"170","C00137"
"171","C00243"
"172","C00446"
"173","C00492"
"174","C00795"
"175","C00880"
"176","C00984"
"177","C01097"
"178","C01113"
"179","C01132"
"180","C01216"
"181","C01235"
"182","C01286"
"183","C01613"
"184","C01697"
"185","C02262"
"186","C02669"
"187","C03383"
"188","C03733"
"189","C03785"
"190","C05396"
"191","C05399"
"192","C05400"
"193","C05401"
"194","C05402"
"195","C05404"
"196","C05796"
"197","C06311"
"198","C06376"
"199","C06377"
"200","C00072"
"201","C00545"
"202","C00617"
"203","C00652"
"204","C00679"
"205","C00684"
"206","C00818"
"207","C00878"
"208","C00879"
"209","C01040"
"210","C01041"
"211","C01114"
"212","C01115"
"213","C01146"
"214","C01620"
"215","C01825"
"216","C02280"
"217","C02670"
"218","C03064"
"219","C03289"
"220","C03921"
"221","C04037"
"222","C05422"
"223","C06316"
"224","C15923"
"225","C15924"
"226","C15925"
"227","C15926"
"228","C16186"
"229","C20889"
"230","C20896"
"231","C21955"
"232","C00083"
"233","C00154"
"234","C00173"
"235","C00229"
"236","C00249"
"237","C00383"
"238","C00638"
"239","C00685"
"240","C00693"
"241","C00712"
"242","C01203"
"243","C01209"
"244","C01271"
"245","C01530"
"246","C01571"
"247","C02679"
"248","C02843"
"249","C03939"
"250","C04088"
"251","C04180"
"252","C04246"
"253","C04618"
"254","C04619"
"255","C04620"
"256","C04633"
"257","C04688"
"258","C05223"
"259","C05744"
"260","C05745"
"261","C05746"
"262","C05747"
"263","C05748"
"264","C05749"
"265","C05750"
"266","C05751"
"267","C05752"
"268","C05753"
"269","C05754"
"270","C05755"
"271","C05756"
"272","C05757"
"273","C05758"
"274","C05759"
"275","C05760"
"276","C05761"
"277","C05762"
"278","C05763"
"279","C05764"
"280","C06423"
"281","C06424"
"282","C08362"
"283","C16219"
"284","C16220"
"285","C16221"
"286","C16520"
"287","C20683"
"288","C20794"
"289","C00040"
"290","C00136"
"291","C00162"
"292","C00264"
"293","C00605"
"294","C00640"
"295","C00658"
"296","C01832"
"297","C01944"
"298","C02593"
"299","C03221"
"300","C05258"
"301","C05259"
"302","C05260"
"303","C05261"
"304","C05262"
"305","C05263"
"306","C05264"
"307","C05265"
"308","C05266"
"309","C05267"
"310","C05268"
"311","C05269"
"312","C05270"
"313","C05271"
"314","C05272"
"315","C05273"
"316","C05274"
"317","C05275"
"318","C05276"
"319","C20876"
"320","C20877"
"321","C20878"
"322","C20879"
"323","C00010"
"324","C00071"
"325","C00226"
"326","C00332"
"327","C00340"
"328","C00435"
"329","C00489"
"330","C00517"
"331","C00527"
"332","C00823"
"333","C00877"
"334","C01144"
"335","C01371"
"336","C02990"
"337","C03547"
"338","C03561"
"339","C05102"
"340","C05279"
"341","C05280"
"342","C00187"
"343","C00448"
"344","C00751"
"345","C01054"
"346","C01164"
"347","C01189"
"348","C01561"
"349","C01673"
"350","C01694"
"351","C01724"
"352","C01753"
"353","C01789"
"354","C01802"
"355","C01902"
"356","C01943"
"357","C02141"
"358","C02530"
"359","C03428"
"360","C03845"
"361","C04525"
"362","C05103"
"363","C05107"
"364","C05108"
"365","C05109"
"366","C05437"
"367","C05439"
"368","C05440"
"369","C05441"
"370","C05442"
"371","C05443"
"372","C07712"
"373","C08813"
"374","C08821"
"375","C08830"
"376","C11455"
"377","C11508"
"378","C11522"
"379","C11523"
"380","C15776"
"381","C15777"
"382","C15780"
"383","C15781"
"384","C15782"
"385","C15783"
"386","C15808"
"387","C15816"
"388","C15915"
"389","C18231"
"390","C21106"
"391","C22112"
"392","C22116"
"393","C22119"
"394","C22120"
"395","C22121"
"396","C22122"
"397","C22123"
"398","C22136"
"399","C00037"
"400","C00245"
"401","C00695"
"402","C01301"
"403","C01794"
"404","C01921"
"405","C02528"
"406","C03594"
"407","C04554"
"408","C04722"
"409","C05122"
"410","C05337"
"411","C05444"
"412","C05445"
"413","C05446"
"414","C05447"
"415","C05448"
"416","C05449"
"417","C05451"
"418","C05452"
"419","C05453"
"420","C05454"
"421","C05455"
"422","C05460"
"423","C05465"
"424","C05466"
"425","C05467"
"426","C05468"
"427","C06341"
"428","C13550"
"429","C15518"
"430","C15519"
"431","C15520"
"432","C15610"
"433","C15613"
"434","C15614"
"435","C17331"
"436","C17332"
"437","C17333"
"438","C17335"
"439","C17336"
"440","C17337"
"441","C17339"
"442","C17343"
"443","C17345"
"444","C17346"
"445","C00082"
"446","C00156"
"447","C00223"
"448","C00251"
"449","C00341"
"450","C00353"
"451","C00390"
"452","C00423"
"453","C00544"
"454","C00811"
"455","C00828"
"456","C00885"
"457","C01179"
"458","C02059"
"459","C02477"
"460","C02483"
"461","C02730"
"462","C02949"
"463","C03160"
"464","C03313"
"465","C03657"
"466","C03964"
"467","C03993"
"468","C04145"
"469","C05427"
"470","C05807"
"471","C05817"
"472","C05819"
"473","C05847"
"474","C05848"
"475","C05849"
"476","C06986"
"477","C10793"
"478","C13309"
"479","C14151"
"480","C14152"
"481","C14153"
"482","C14154"
"483","C14155"
"484","C14156"
"485","C15547"
"486","C15882"
"487","C15883"
"488","C16519"
"489","C16695"
"490","C16999"
"491","C17010"
"492","C17017"
"493","C17018"
"494","C17412"
"495","C17551"
"496","C17552"
"497","C17554"
"498","C17559"
"499","C17570"
"500","C18131"
"501","C18132"
"502","C18133"
"503","C18134"
"504","C18135"
"505","C19847"
"506","C19858"
"507","C19859"
"508","C20265"
"509","C20737"
"510","C20738"
"511","C20772"
"512","C20773"
"513","C21084"
"514","C21860"
"515","C22039"
"516","C00280"
"517","C00410"
"518","C00468"
"519","C00523"
"520","C00535"
"521","C00674"
"522","C00735"
"523","C00762"
"524","C00951"
"525","C01124"
"526","C01176"
"527","C01227"
"528","C01780"
"529","C01953"
"530","C02140"
"531","C02373"
"532","C02537"
"533","C02538"
"534","C03205"
"535","C03681"
"536","C03747"
"537","C03772"
"538","C03852"
"539","C03917"
"540","C03935"
"541","C04042"
"542","C04295"
"543","C04373"
"544","C04518"
"545","C04555"
"546","C04676"
"547","C05138"
"548","C05139"
"549","C05140"
"550","C05141"
"551","C05284"
"552","C05285"
"553","C05290"
"554","C05291"
"555","C05293"
"556","C05294"
"557","C05295"
"558","C05296"
"559","C05297"
"560","C05298"
"561","C05299"
"562","C05300"
"563","C05301"
"564","C05302"
"565","C05469"
"566","C05470"
"567","C05471"
"568","C05472"
"569","C05473"
"570","C05474"
"571","C05475"
"572","C05476"
"573","C05477"
"574","C05478"
"575","C05479"
"576","C05480"
"577","C05481"
"578","C05482"
"579","C05483"
"580","C05484"
"581","C05485"
"582","C05487"
"583","C05488"
"584","C05489"
"585","C05490"
"586","C05497"
"587","C05498"
"588","C05499"
"589","C05500"
"590","C05501"
"591","C05502"
"592","C05503"
"593","C05504"
"594","C08357"
"595","C08358"
"596","C08359"
"597","C11131"
"598","C11132"
"599","C11133"
"600","C11134"
"601","C11135"
"602","C11136"
"603","C13712"
"604","C13713"
"605","C18038"
"606","C18039"
"607","C18040"
"608","C18041"
"609","C18042"
"610","C18043"
"611","C18044"
"612","C18045"
"613","C18075"
"614","C00001"
"615","C00002"
"616","C00003"
"617","C00004"
"618","C00007"
"619","C00008"
"620","C00009"
"621","C00013"
"622","C00061"
"623","C00080"
"624","C00399"
"625","C00524"
"626","C00536"
"627","C00011"
"628","C00014"
"629","C00025"
"630","C00049"
"631","C00062"
"632","C00064"
"633","C00077"
"634","C00086"
"635","C00169"
"636","C00327"
"637","C00437"
"638","C00624"
"639","C01010"
"640","C01250"
"641","C03406"
"642","C04133"
"643","C15532"
"644","C20948"
"645","C20949"
"646","C20950"
"647","C20951"
"648","C00020"
"649","C00035"
"650","C00039"
"651","C00044"
"652","C00046"
"653","C00048"
"654","C00053"
"655","C00054"
"656","C00059"
"657","C00081"
"658","C00104"
"659","C00130"
"660","C00131"
"661","C00144"
"662","C00147"
"663","C00206"
"664","C00209"
"665","C00212"
"666","C00224"
"667","C00242"
"668","C00262"
"669","C00286"
"670","C00288"
"671","C00294"
"672","C00301"
"673","C00330"
"674","C00360"
"675","C00361"
"676","C00362"
"677","C00366"
"678","C00385"
"679","C00387"
"680","C00499"
"681","C00559"
"682","C00575"
"683","C00603"
"684","C00655"
"685","C00700"
"686","C00802"
"687","C00942"
"688","C01228"
"689","C01260"
"690","C01261"
"691","C01344"
"692","C01345"
"693","C01367"
"694","C01444"
"695","C01762"
"696","C02091"
"697","C02348"
"698","C02350"
"699","C02353"
"700","C02718"
"701","C03090"
"702","C03373"
"703","C03483"
"704","C03614"
"705","C03794"
"706","C03838"
"707","C04051"
"708","C04376"
"709","C04392"
"710","C04494"
"711","C04640"
"712","C04677"
"713","C04734"
"714","C04751"
"715","C04823"
"716","C05239"
"717","C05512"
"718","C05513"
"719","C05515"
"720","C05516"
"721","C05993"
"722","C06193"
"723","C06194"
"724","C06195"
"725","C06196"
"726","C06197"
"727","C06433"
"728","C06435"
"729","C11821"
"730","C12248"
"731","C15667"
"732","C22395"
"733","C22441"
"734","C22442"
"735","C22443"
"736","C22499"
"737","C22500"
"738","C07130"
"739","C07480"
"740","C07481"
"741","C13747"
"742","C16352"
"743","C16353"
"744","C16355"
"745","C16356"
"746","C16357"
"747","C16358"
"748","C16359"
"749","C16360"
"750","C16361"
"751","C16362"
"752","C16363"
"753","C16364"
"754","C16365"
"755","C16366"
"756","C21144"
"757","C00015"
"758","C00055"
"759","C00063"
"760","C00075"
"761","C00099"
"762","C00105"
"763","C00106"
"764","C00112"
"765","C00178"
"766","C00214"
"767","C00222"
"768","C00239"
"769","C00295"
"770","C00299"
"771","C00337"
"772","C00363"
"773","C00364"
"774","C00365"
"775","C00380"
"776","C00429"
"777","C00438"
"778","C00458"
"779","C00459"
"780","C00460"
"781","C00475"
"782","C00526"
"783","C00705"
"784","C00813"
"785","C00881"
"786","C01013"
"787","C01103"
"788","C01168"
"789","C01205"
"790","C01346"
"791","C01368"
"792","C01563"
"793","C02067"
"794","C02170"
"795","C02354"
"796","C02355"
"797","C02376"
"798","C02642"
"799","C03997"
"800","C05281"
"801","C05822"
"802","C06198"
"803","C11038"
"804","C11039"
"805","C15607"
"806","C20231"
"807","C20249"
"808","C20253"
"809","C20254"
"810","C20846"
"811","C21028"
"812","C21029"
"813","C00041"
"814","C00152"
"815","C00232"
"816","C00334"
"817","C00352"
"818","C00402"
"819","C00940"
"820","C01042"
"821","C02362"
"822","C03912"
"823","C12270"
"824","C20775"
"825","C20776"
"826","C00065"
"827","C00078"
"828","C00097"
"829","C00101"
"830","C00109"
"831","C00114"
"832","C00143"
"833","C00168"
"834","C00188"
"835","C00213"
"836","C00263"
"837","C00300"
"838","C00430"
"839","C00441"
"840","C00546"
"841","C00576"
"842","C00581"
"843","C00719"
"844","C00740"
"845","C00986"
"846","C01005"
"847","C01026"
"848","C01102"
"849","C01242"
"850","C01888"
"851","C02051"
"852","C02291"
"853","C02737"
"854","C02972"
"855","C03082"
"856","C03194"
"857","C03232"
"858","C03283"
"859","C03508"
"860","C05519"
"861","C06231"
"862","C06442"
"863","C16432"
"864","C19929"
"865","C00019"
"866","C00021"
"867","C00051"
"868","C00073"
"869","C00094"
"870","C00155"
"871","C00170"
"872","C00283"
"873","C00409"
"874","C00491"
"875","C00506"
"876","C00606"
"877","C00793"
"878","C00957"
"879","C00979"
"880","C01077"
"881","C01118"
"882","C01137"
"883","C01180"
"884","C01234"
"885","C01817"
"886","C01962"
"887","C02218"
"888","C02356"
"889","C02989"
"890","C03089"
"891","C03145"
"892","C03539"
"893","C04188"
"894","C04582"
"895","C05324"
"896","C05524"
"897","C05526"
"898","C05527"
"899","C05528"
"900","C05823"
"901","C05824"
"902","C06547"
"903","C08276"
"904","C09306"
"905","C11437"
"906","C11481"
"907","C11499"
"908","C11537"
"909","C15606"
"910","C15650"
"911","C15651"
"912","C18049"
"913","C19787"
"914","C21015"
"915","C21016"
"916","C22359"
"917","C00100"
"918","C00123"
"919","C00141"
"920","C00164"
"921","C00183"
"922","C00233"
"923","C00349"
"924","C00356"
"925","C00407"
"926","C00630"
"927","C00671"
"928","C00683"
"929","C01213"
"930","C02939"
"931","C03069"
"932","C03231"
"933","C03284"
"934","C03344"
"935","C03345"
"936","C03460"
"937","C04405"
"938","C05996"
"939","C05998"
"940","C06000"
"941","C06001"
"942","C06002"
"943","C15974"
"944","C15975"
"945","C15976"
"946","C15977"
"947","C15978"
"948","C15979"
"949","C15980"
"950","C20827"
"951","C02226"
"952","C02504"
"953","C02612"
"954","C02631"
"955","C04181"
"956","C04236"
"957","C04272"
"958","C04411"
"959","C06006"
"960","C06007"
"961","C06010"
"962","C06032"
"963","C14463"
"964","C00047"
"965","C00322"
"966","C00408"
"967","C00431"
"968","C00449"
"969","C00450"
"970","C00487"
"971","C00739"
"972","C00956"
"973","C00990"
"974","C01142"
"975","C01149"
"976","C01181"
"977","C01186"
"978","C01211"
"979","C01259"
"980","C01672"
"981","C02188"
"982","C02727"
"983","C03087"
"984","C03196"
"985","C03239"
"986","C03273"
"987","C03366"
"988","C03656"
"989","C03793"
"990","C04020"
"991","C04076"
"992","C04092"
"993","C04487"
"994","C05161"
"995","C05231"
"996","C05544"
"997","C05545"
"998","C05546"
"999","C05548"
"1000","C05825"
"1001","C12455"
"1002","C16741"
"1003","C00012"
"1004","C00134"
"1005","C00148"
"1006","C00179"
"1007","C00315"
"1008","C00406"
"1009","C00436"
"1010","C00533"
"1011","C00555"
"1012","C00750"
"1013","C00763"
"1014","C00791"
"1015","C00884"
"1016","C01035"
"1017","C01043"
"1018","C01110"
"1019","C01157"
"1020","C01165"
"1021","C01682"
"1022","C02305"
"1023","C02565"
"1024","C02647"
"1025","C02714"
"1026","C02946"
"1027","C03078"
"1028","C03166"
"1029","C03287"
"1030","C03296"
"1031","C03375"
"1032","C03415"
"1033","C03564"
"1034","C03771"
"1035","C04137"
"1036","C04281"
"1037","C05147"
"1038","C05931"
"1039","C05932"
"1040","C05933"
"1041","C05936"
"1042","C05938"
"1043","C05945"
"1044","C05946"
"1045","C05947"
"1046","C10497"
"1047","C15699"
"1048","C15700"
"1049","C15767"
"1050","C18172"
"1051","C18174"
"1052","C18326"
"1053","C19706"
"1054","C00135"
"1055","C00386"
"1056","C00388"
"1057","C00439"
"1058","C00785"
"1059","C00860"
"1060","C01044"
"1061","C01045"
"1062","C01100"
"1063","C01152"
"1064","C01262"
"1065","C01267"
"1066","C01929"
"1067","C02739"
"1068","C02741"
"1069","C02835"
"1070","C03277"
"1071","C03409"
"1072","C03680"
"1073","C04437"
"1074","C04666"
"1075","C04896"
"1076","C04916"
"1077","C05127"
"1078","C05130"
"1079","C05131"
"1080","C05133"
"1081","C05135"
"1082","C05565"
"1083","C05568"
"1084","C05570"
"1085","C05571"
"1086","C05572"
"1087","C05575"
"1088","C05827"
"1089","C05828"
"1090","C05829"
"1091","C16673"
"1092","C16674"
"1093","C20522"
"1094","C20994"
"1095","C20995"
"1096","C00146"
"1097","C00355"
"1098","C00483"
"1099","C00530"
"1100","C00547"
"1101","C00628"
"1102","C00642"
"1103","C00788"
"1104","C00822"
"1105","C01036"
"1106","C01060"
"1107","C01061"
"1108","C01161"
"1109","C01384"
"1110","C01693"
"1111","C01829"
"1112","C01850"
"1113","C02167"
"1114","C02442"
"1115","C02465"
"1116","C02514"
"1117","C02515"
"1118","C03063"
"1119","C03077"
"1120","C03758"
"1121","C03765"
"1122","C04043"
"1123","C04045"
"1124","C04052"
"1125","C04185"
"1126","C04186"
"1127","C04368"
"1128","C04642"
"1129","C04796"
"1130","C04797"
"1131","C05338"
"1132","C05350"
"1133","C05576"
"1134","C05577"
"1135","C05578"
"1136","C05579"
"1137","C05580"
"1138","C05581"
"1139","C05582"
"1140","C05583"
"1141","C05584"
"1142","C05585"
"1143","C05587"
"1144","C05588"
"1145","C05589"
"1146","C05593"
"1147","C05594"
"1148","C05595"
"1149","C05596"
"1150","C05600"
"1151","C05604"
"1152","C06044"
"1153","C06046"
"1154","C06047"
"1155","C06048"
"1156","C06199"
"1157","C06201"
"1158","C10447"
"1159","C17935"
"1160","C17936"
"1161","C17937"
"1162","C17938"
"1163","C22038"
"1164","C00079"
"1165","C00166"
"1166","C00512"
"1167","C00582"
"1168","C00596"
"1169","C00601"
"1170","C01198"
"1171","C01772"
"1172","C02137"
"1173","C02232"
"1174","C02265"
"1175","C02505"
"1176","C02763"
"1177","C03519"
"1178","C03589"
"1179","C04044"
"1180","C04148"
"1181","C04479"
"1182","C05332"
"1183","C05598"
"1184","C05607"
"1185","C05629"
"1186","C05852"
"1187","C05853"
"1188","C06207"
"1189","C07086"
"1190","C11457"
"1191","C11588"
"1192","C12621"
"1193","C12622"
"1194","C12623"
"1195","C12624"
"1196","C14144"
"1197","C14145"
"1198","C15524"
"1199","C19945"
"1200","C19946"
"1201","C19975"
"1202","C20062"
"1203","C00108"
"1204","C00328"
"1205","C00331"
"1206","C00398"
"1207","C00463"
"1208","C00632"
"1209","C00637"
"1210","C00643"
"1211","C00780"
"1212","C00954"
"1213","C00955"
"1214","C00978"
"1215","C01111"
"1216","C01249"
"1217","C01252"
"1218","C01598"
"1219","C01717"
"1220","C01987"
"1221","C02161"
"1222","C02172"
"1223","C02220"
"1224","C02298"
"1225","C02470"
"1226","C02693"
"1227","C02700"
"1228","C02775"
"1229","C02937"
"1230","C02938"
"1231","C03227"
"1232","C03230"
"1233","C03453"
"1234","C03574"
"1235","C03722"
"1236","C03824"
"1237","C04409"
"1238","C05634"
"1239","C05635"
"1240","C05636"
"1241","C05637"
"1242","C05638"
"1243","C05639"
"1244","C05640"
"1245","C05641"
"1246","C05642"
"1247","C05643"
"1248","C05644"
"1249","C05645"
"1250","C05646"
"1251","C05647"
"1252","C05648"
"1253","C05651"
"1254","C05652"
"1255","C05653"
"1256","C05654"
"1257","C05655"
"1258","C05656"
"1259","C05658"
"1260","C05659"
"1261","C05660"
"1262","C05663"
"1263","C05830"
"1264","C05831"
"1265","C05832"
"1266","C05834"
"1267","C05835"
"1268","C05837"
"1269","C06212"
"1270","C06213"
"1271","C08313"
"1272","C10164"
"1273","C16516"
"1274","C16517"
"1275","C16518"
"1276","C17203"
"1277","C22006"
"1278","C22202"
"1279","C00254"
"1280","C00296"
"1281","C00354"
"1282","C00493"
"1283","C00587"
"1284","C00826"
"1285","C00944"
"1286","C01269"
"1287","C01302"
"1288","C02637"
"1289","C03175"
"1290","C03506"
"1291","C04302"
"1292","C04691"
"1293","C16848"
"1294","C16850"
"1295","C17235"
"1296","C20327"
"1297","C20653"
"1298","C20654"
"1299","C20710"
"1300","C00804"
"1301","C00864"
"1302","C00894"
"1303","C01073"
"1304","C02335"
"1305","C03492"
"1306","C05340"
"1307","C05341"
"1308","C05665"
"1309","C05668"
"1310","C05669"
"1311","C05670"
"1312","C00227"
"1313","C00519"
"1314","C00593"
"1315","C01678"
"1316","C01959"
"1317","C03149"
"1318","C05123"
"1319","C05844"
"1320","C06735"
"1321","C14179"
"1322","C19685"
"1323","C00058"
"1324","C01438"
"1325","C02798"
"1326","C03167"
"1327","C03557"
"1328","C04650"
"1329","C05672"
"1330","C05673"
"1331","C05674"
"1332","C05675"
"1333","C05676"
"1334","C05677"
"1335","C05678"
"1336","C05679"
"1337","C05680"
"1338","C05681"
"1339","C05682"
"1340","C05683"
"1341","C06367"
"1342","C06368"
"1343","C06451"
"1344","C06455"
"1345","C06456"
"1346","C06457"
"1347","C06459"
"1348","C17940"
"1349","C17941"
"1350","C17942"
"1351","C17943"
"1352","C17944"
"1353","C17945"
"1354","C17947"
"1355","C17948"
"1356","C17949"
"1357","C17950"
"1358","C17951"
"1359","C17952"
"1360","C17960"
"1361","C17961"
"1362","C17962"
"1363","C20396"
"1364","C20422"
"1365","C20423"
"1366","C20440"
"1367","C20986"
"1368","C21372"
"1369","C21403"
"1370","C21404"
"1371","C21613"
"1372","C00017"
"1373","C01528"
"1374","C02535"
"1375","C05172"
"1376","C05335"
"1377","C05336"
"1378","C05684"
"1379","C05686"
"1380","C05688"
"1381","C05689"
"1382","C05690"
"1383","C05695"
"1384","C05697"
"1385","C05698"
"1386","C05699"
"1387","C05703"
"1388","C06481"
"1389","C06482"
"1390","C16638"
"1391","C18870"
"1392","C18871"
"1393","C18872"
"1394","C18893"
"1395","C18902"
"1396","C18904"
"1397","C18905"
"1398","C00133"
"1399","C00217"
"1400","C00515"
"1401","C00666"
"1402","C00680"
"1403","C00692"
"1404","C00792"
"1405","C00819"
"1406","C00820"
"1407","C00855"
"1408","C00993"
"1409","C01667"
"1410","C01726"
"1411","C02237"
"1412","C02855"
"1413","C03341"
"1414","C03440"
"1415","C03933"
"1416","C03943"
"1417","C04260"
"1418","C04282"
"1419","C04457"
"1420","C05620"
"1421","C05939"
"1422","C05941"
"1423","C05942"
"1424","C06419"
"1425","C22024"
"1426","C22025"
"1427","C00005"
"1428","C00006"
"1429","C00127"
"1430","C00151"
"1431","C00669"
"1432","C01322"
"1433","C01419"
"1434","C01879"
"1435","C02090"
"1436","C02320"
"1437","C03170"
"1438","C03646"
"1439","C03740"
"1440","C05726"
"1441","C05727"
"1442","C05729"
"1443","C05730"
"1444","C16562"
"1445","C16563"
"1446","C16564"
"1447","C16565"
"1448","C16566"
"1449","C16567"
"1450","C16568"
"1451","C16663"
"1452","C16664"
"1453","C00092"
"1454","C00185"
"1455","C00208"
"1456","C00252"
"1457","C00369"
"1458","C00372"
"1459","C00394"
"1460","C00498"
"1461","C00501"
"1462","C00663"
"1463","C00689"
"1464","C00718"
"1465","C00721"
"1466","C00760"
"1467","C00963"
"1468","C00965"
"1469","C00973"
"1470","C01083"
"1471","C01231"
"1472","C01725"
"1473","C01898"
"1474","C01935"
"1475","C02591"
"1476","C02995"
"1477","C03323"
"1478","C04534"
"1479","C05731"
"1480","C06215"
"1481","C06400"
"1482","C16688"
"1483","C20237"
"1484","C00110"
"1485","C00381"
"1486","C00621"
"1487","C01246"
"1488","C03021"
"1489","C03862"
"1490","C06081"
"1491","G00001"
"1492","G00002"
"1493","G00003"
"1494","G00004"
"1495","G00005"
"1496","G00006"
"1497","G00007"
"1498","G00008"
"1499","G00009"
"1500","G00010"
"1501","G00011"
"1502","G00012"
"1503","G00013"
"1504","G00014"
"1505","G00015"
"1506","G00016"
"1507","G00017"
"1508","G00018"
"1509","G00019"
"1510","G00020"
"1511","G00021"
"1512","G00022"
"1513","G00171"
"1514","G10526"
"1515","G10595"
"1516","G10596"
"1517","G10597"
"1518","G10598"
"1519","G10599"
"1520","G10694"
"1521","C02189"
"1522","G00023"
"1523","G00024"
"1524","G00025"
"1525","G00026"
"1526","G00027"
"1527","G00028"
"1528","G00029"
"1529","G00030"
"1530","G00031"
"1531","G00032"
"1532","G00033"
"1533","G00034"
"1534","G00035"
"1535","G10611"
"1536","G10794"
"1537","G13153"
"1538","G00179"
"1539","G01813"
"1540","G05477"
"1541","G10665"
"1542","G10716"
"1543","G10770"
"1544","G10841"
"1545","G10920"
"1546","G11000"
"1547","G11040"
"1548","G11933"
"1549","G12617"
"1550","G12625"
"1551","G12626"
"1552","G13047"
"1553","G13048"
"1554","G13049"
"1555","G13050"
"1556","G13055"
"1557","G13056"
"1558","G13057"
"1559","G13058"
"1560","G13059"
"1561","G10617"
"1562","G13026"
"1563","G13027"
"1564","G13028"
"1565","G13082"
"1566","G13083"
"1567","G13084"
"1568","G13085"
"1569","G13086"
"1570","G13087"
"1571","G13088"
"1572","G13089"
"1573","G13090"
"1574","G13091"
"1575","G13092"
"1576","G13093"
"1577","G13094"
"1578","G13095"
"1579","G13096"
"1580","G13097"
"1581","G13098"
"1582","G13099"
"1583","G13100"
"1584","C00043"
"1585","C00128"
"1586","C00140"
"1587","C00190"
"1588","C00203"
"1589","C00270"
"1590","C00329"
"1591","C00357"
"1592","C00461"
"1593","C00645"
"1594","C00734"
"1595","C00935"
"1596","C00996"
"1597","C00999"
"1598","C01050"
"1599","C01170"
"1600","C01219"
"1601","C01623"
"1602","C01674"
"1603","C01788"
"1604","C02199"
"1605","C02336"
"1606","C02352"
"1607","C02474"
"1608","C02713"
"1609","C03410"
"1610","C03598"
"1611","C03599"
"1612","C03691"
"1613","C03906"
"1614","C04089"
"1615","C04257"
"1616","C04297"
"1617","C04501"
"1618","C04573"
"1619","C04613"
"1620","C04630"
"1621","C04631"
"1622","C06023"
"1623","C06156"
"1624","C06240"
"1625","C06241"
"1626","C11521"
"1627","C13952"
"1628","C16153"
"1629","C16154"
"1630","C16155"
"1631","C16156"
"1632","C16157"
"1633","C16183"
"1634","C16698"
"1635","C17269"
"1636","C17326"
"1637","C17327"
"1638","C17328"
"1639","C18060"
"1640","C18094"
"1641","C19725"
"1642","C19745"
"1643","C19769"
"1644","C19823"
"1645","C19961"
"1646","C19971"
"1647","C19972"
"1648","C20082"
"1649","C20083"
"1650","C20357"
"1651","C20359"
"1652","C20395"
"1653","C20418"
"1654","C20419"
"1655","C20424"
"1656","C20638"
"1657","C20672"
"1658","C20934"
"1659","C21027"
"1660","C21383"
"1661","C21384"
"1662","C22029"
"1663","C00397"
"1664","C00825"
"1665","C00832"
"1666","C00908"
"1667","C01441"
"1668","C01555"
"1669","C01737"
"1670","C01743"
"1671","C01759"
"1672","C01822"
"1673","C01823"
"1674","C01917"
"1675","C02033"
"1676","C02627"
"1677","C07656"
"1678","C12210"
"1679","C12211"
"1680","C15652"
"1681","C17209"
"1682","C17580"
"1683","C17581"
"1684","C17582"
"1685","C17583"
"1686","C17584"
"1687","C17585"
"1688","C17586"
"1689","C17587"
"1690","C17588"
"1691","C17589"
"1692","C17701"
"1693","C17702"
"1694","C17703"
"1695","C17704"
"1696","C17705"
"1697","C17706"
"1698","C17707"
"1699","C17712"
"1700","C17997"
"1701","C18000"
"1702","C18001"
"1703","C18002"
"1704","C18003"
"1705","C18004"
"1706","C18005"
"1707","C18006"
"1708","C18007"
"1709","C18008"
"1710","C18009"
"1711","C20350"
"1712","C20351"
"1713","C20353"
"1714","C20509"
"1715","C20614"
"1716","C20699"
"1717","C21176"
"1718","C21251"
"1719","C21252"
"1720","C21253"
"1721","C21254"
"1722","C21255"
"1723","C21256"
"1724","C21257"
"1725","C21258"
"1726","C21259"
"1727","C21260"
"1728","C21261"
"1729","C21262"
"1730","C21263"
"1731","C21264"
"1732","C21265"
"1733","C21266"
"1734","C21267"
"1735","C21268"
"1736","C21269"
"1737","C21270"
"1738","C00426"
"1739","C00573"
"1740","C00634"
"1741","C00925"
"1742","G00526"
"1743","G00711"
"1744","G00872"
"1745","G01391"
"1746","G01945"
"1747","G01977"
"1748","G02632"
"1749","G09660"
"1750","G10008"
"1751","G10505"
"1752","G12336"
"1753","G13034"
"1754","G13035"
"1755","G13036"
"1756","G13037"
"1757","G13038"
"1758","G13039"
"1759","G13040"
"1760","G13041"
"1761","G13042"
"1762","G13043"
"1763","G13073"
"1764","G13074"
"1765","C00401"
"1766","C01490"
"1767","G00154"
"1768","G00155"
"1769","G00156"
"1770","G00157"
"1771","G00158"
"1772","G00159"
"1773","G00160"
"1774","G00162"
"1775","G00163"
"1776","G00164"
"1777","C00093"
"1778","C00184"
"1779","C00416"
"1780","C00422"
"1781","C00641"
"1782","C00681"
"1783","C00969"
"1784","C01885"
"1785","C02133"
"1786","C02457"
"1787","C03692"
"1788","C04046"
"1789","C04315"
"1790","C04872"
"1791","C06037"
"1792","C06038"
"1793","C06040"
"1794","C06041"
"1795","C06042"
"1796","C06364"
"1797","C06365"
"1798","C13508"
"1799","C20897"
"1800","C20898"
"1801","C20991"
"1802","C00691"
"1803","C01177"
"1804","C01194"
"1805","C01204"
"1806","C01220"
"1807","C01243"
"1808","C01245"
"1809","C01272"
"1810","C01277"
"1811","C01284"
"1812","C03546"
"1813","C03659"
"1814","C03660"
"1815","C04006"
"1816","C04062"
"1817","C04063"
"1818","C04287"
"1819","C04477"
"1820","C04520"
"1821","C04549"
"1822","C04563"
"1823","C04579"
"1824","C04637"
"1825","C05981"
"1826","C06153"
"1827","C06892"
"1828","C06893"
"1829","C11554"
"1830","C11555"
"1831","C11556"
"1832","C11557"
"1833","C16737"
"1834","C19794"
"1835","C19799"
"1836","C19891"
"1837","C20251"
"1838","C21643"
"1839","C21644"
"1840","C00346"
"1841","C00350"
"1842","G00143"
"1843","G00144"
"1844","G00145"
"1845","G00146"
"1846","G00148"
"1847","G00149"
"1848","G10610"
"1849","G12396"
"1850","G13044"
"1851","G13046"
"1852","G13128"
"1853","G13150"
"1854","G13151"
"1855","G13152"
"1856","C00157"
"1857","C00189"
"1858","C00269"
"1859","C00307"
"1860","C00344"
"1861","C00513"
"1862","C00570"
"1863","C00588"
"1864","C00623"
"1865","C00670"
"1866","C01210"
"1867","C01233"
"1868","C01241"
"1869","C01996"
"1870","C03372"
"1871","C03819"
"1872","C03872"
"1873","C03892"
"1874","C03974"
"1875","C04230"
"1876","C04233"
"1877","C04308"
"1878","C04438"
"1879","C04590"
"1880","C04638"
"1881","C05973"
"1882","C05974"
"1883","C05976"
"1884","C05980"
"1885","C06771"
"1886","C06772"
"1887","C13482"
"1888","C18059"
"1889","C18125"
"1890","C18126"
"1891","C18129"
"1892","C18168"
"1893","C18169"
"1894","C20466"
"1895","C20518"
"1896","C22340"
"1897","C22341"
"1898","C22342"
"1899","C00958"
"1900","C01264"
"1901","C02773"
"1902","C03201"
"1903","C03454"
"1904","C03715"
"1905","C03820"
"1906","C03968"
"1907","C04317"
"1908","C04361"
"1909","C04475"
"1910","C04517"
"1911","C04598"
"1912","C04635"
"1913","C04756"
"1914","C05212"
"1915","C05977"
"1916","C15645"
"1917","C15646"
"1918","C15647"
"1919","C20825"
"1920","C20859"
"1921","C00219"
"1922","C00427"
"1923","C00584"
"1924","C00639"
"1925","C00696"
"1926","C00909"
"1927","C01312"
"1928","C02165"
"1929","C02166"
"1930","C02198"
"1931","C03577"
"1932","C04577"
"1933","C04742"
"1934","C04805"
"1935","C04822"
"1936","C04853"
"1937","C05356"
"1938","C05949"
"1939","C05950"
"1940","C05951"
"1941","C05952"
"1942","C05953"
"1943","C05954"
"1944","C05955"
"1945","C05956"
"1946","C05957"
"1947","C05958"
"1948","C05959"
"1949","C05960"
"1950","C05961"
"1951","C05962"
"1952","C05963"
"1953","C05964"
"1954","C05965"
"1955","C05966"
"1956","C06314"
"1957","C06315"
"1958","C06462"
"1959","C13809"
"1960","C14717"
"1961","C14732"
"1962","C14748"
"1963","C14749"
"1964","C14768"
"1965","C14769"
"1966","C14770"
"1967","C14771"
"1968","C14772"
"1969","C14773"
"1970","C14774"
"1971","C14775"
"1972","C14776"
"1973","C14777"
"1974","C14778"
"1975","C14779"
"1976","C14780"
"1977","C14781"
"1978","C14782"
"1979","C14794"
"1980","C14795"
"1981","C14807"
"1982","C14808"
"1983","C14809"
"1984","C14810"
"1985","C14811"
"1986","C14812"
"1987","C14813"
"1988","C14814"
"1989","C14815"
"1990","C14820"
"1991","C14821"
"1992","C14822"
"1993","C14823"
"1994","C14824"
"1995","C01595"
"1996","C03242"
"1997","C04056"
"1998","C04717"
"1999","C06426"
"2000","C07289"
"2001","C07338"
"2002","C07354"
"2003","C14762"
"2004","C14765"
"2005","C14766"
"2006","C14767"
"2007","C14825"
"2008","C14826"
"2009","C14827"
"2010","C14828"
"2011","C14829"
"2012","C14831"
"2013","C14832"
"2014","C14833"
"2015","C14834"
"2016","C14835"
"2017","C14836"
"2018","C14837"
"2019","C19937"
"2020","C20186"
"2021","C01226"
"2022","C04672"
"2023","C04780"
"2024","C04785"
"2025","C06427"
"2026","C08491"
"2027","C08492"
"2028","C11512"
"2029","C16300"
"2030","C16308"
"2031","C16309"
"2032","C16310"
"2033","C16311"
"2034","C16316"
"2035","C16317"
"2036","C16318"
"2037","C16319"
"2038","C16320"
"2039","C16321"
"2040","C16322"
"2041","C16323"
"2042","C16324"
"2043","C16325"
"2044","C16326"
"2045","C16327"
"2046","C16328"
"2047","C16330"
"2048","C16331"
"2049","C16332"
"2050","C16334"
"2051","C16335"
"2052","C16336"
"2053","C16338"
"2054","C16339"
"2055","C16341"
"2056","C16342"
"2057","C16343"
"2058","C16344"
"2059","C16345"
"2060","C16346"
"2061","C19757"
"2062","C21923"
"2063","C21924"
"2064","C00195"
"2065","C00319"
"2066","C00550"
"2067","C00836"
"2068","C01120"
"2069","C01190"
"2070","C01290"
"2071","C01747"
"2072","C02686"
"2073","C02934"
"2074","C02960"
"2075","C03405"
"2076","C03640"
"2077","C06062"
"2078","C06124"
"2079","C06125"
"2080","C06126"
"2081","C06127"
"2082","C06128"
"2083","C12126"
"2084","C12144"
"2085","C12145"
"2086","C22467"
"2087","G00036"
"2088","G00037"
"2089","G00038"
"2090","G00039"
"2091","G00040"
"2092","G00042"
"2093","G00043"
"2094","G00044"
"2095","G00045"
"2096","G00046"
"2097","G00047"
"2098","G00048"
"2099","G00050"
"2100","G00051"
"2101","G00052"
"2102","G00054"
"2103","G00055"
"2104","G00056"
"2105","G00057"
"2106","G00058"
"2107","G00059"
"2108","G00060"
"2109","G00061"
"2110","G00062"
"2111","G00063"
"2112","G00064"
"2113","G00066"
"2114","G00067"
"2115","G00068"
"2116","G00069"
"2117","G00071"
"2118","G00072"
"2119","G00073"
"2120","G00074"
"2121","G00075"
"2122","G00076"
"2123","G00077"
"2124","G00078"
"2125","G00079"
"2126","G00080"
"2127","G00081"
"2128","G00082"
"2129","G00083"
"2130","G00084"
"2131","G00085"
"2132","G00086"
"2133","G00087"
"2134","G00088"
"2135","G00089"
"2136","G00090"
"2137","G00091"
"2138","G00092"
"2139","G00428"
"2140","G00889"
"2141","G00093"
"2142","G00094"
"2143","G00095"
"2144","G00096"
"2145","G00097"
"2146","G00098"
"2147","G00099"
"2148","G00100"
"2149","G00101"
"2150","G00102"
"2151","G00103"
"2152","G00104"
"2153","G00105"
"2154","G00106"
"2155","G00107"
"2156","G00181"
"2157","G00392"
"2158","G00403"
"2159","G02977"
"2160","G11492"
"2161","G13080"
"2162","G13081"
"2163","G00108"
"2164","G00109"
"2165","G00110"
"2166","G00111"
"2167","G00112"
"2168","G00113"
"2169","G00114"
"2170","G00115"
"2171","G00116"
"2172","G00117"
"2173","G00118"
"2174","G00119"
"2175","G00120"
"2176","G00121"
"2177","G00122"
"2178","G00123"
"2179","G00124"
"2180","G00125"
"2181","G00126"
"2182","G00127"
"2183","G00128"
"2184","G00129"
"2185","G00130"
"2186","G00131"
"2187","G00132"
"2188","G00166"
"2189","G00167"
"2190","G00168"
"2191","G00169"
"2192","G00170"
"2193","C00256"
"2194","C00937"
"2195","C01251"
"2196","C02488"
"2197","C03248"
"2198","C03451"
"2199","C03981"
"2200","C05994"
"2201","C00027"
"2202","C00160"
"2203","C00313"
"2204","C00552"
"2205","C00798"
"2206","C00888"
"2207","C00898"
"2208","C00975"
"2209","C00988"
"2210","C01127"
"2211","C01182"
"2212","C01380"
"2213","C01732"
"2214","C01989"
"2215","C01990"
"2216","C02123"
"2217","C02405"
"2218","C03217"
"2219","C03459"
"2220","C03548"
"2221","C03618"
"2222","C04348"
"2223","C06027"
"2224","C06028"
"2225","C06049"
"2226","C18026"
"2227","C18324"
"2228","C20238"
"2229","C00163"
"2230","C00479"
"2231","C00583"
"2232","C00827"
"2233","C02225"
"2234","C02876"
"2235","C04225"
"2236","C04593"
"2237","C05235"
"2238","C05979"
"2239","C05983"
"2240","C05984"
"2241","C05989"
"2242","C21017"
"2243","C21018"
"2244","C21250"
"2245","C00132"
"2246","C00207"
"2247","C00246"
"2248","C00497"
"2249","C00741"
"2250","C00810"
"2251","C00989"
"2252","C01089"
"2253","C01412"
"2254","C01769"
"2255","C01845"
"2256","C02331"
"2257","C02411"
"2258","C02527"
"2259","C02630"
"2260","C03044"
"2261","C03046"
"2262","C03058"
"2263","C04546"
"2264","C06142"
"2265","C06143"
"2266","C06144"
"2267","C06145"
"2268","C06146"
"2269","C11062"
"2270","C17530"
"2271","C20657"
"2272","C20783"
"2273","C21390"
"2274","C00234"
"2275","C00415"
"2276","C00440"
"2277","C00445"
"2278","C00504"
"2279","C00664"
"2280","C03479"
"2281","C00018"
"2282","C00378"
"2283","C01081"
"2284","C01279"
"2285","C02892"
"2286","C03028"
"2287","C04294"
"2288","C04327"
"2289","C04556"
"2290","C04752"
"2291","C05856"
"2292","C15809"
"2293","C15810"
"2294","C15811"
"2295","C15812"
"2296","C15813"
"2297","C15814"
"2298","C19872"
"2299","C20246"
"2300","C20247"
"2301","C20267"
"2302","C20784"
"2303","C00016"
"2304","C00235"
"2305","C00255"
"2306","C01007"
"2307","C01268"
"2308","C01304"
"2309","C01352"
"2310","C01390"
"2311","C01727"
"2312","C01847"
"2313","C03114"
"2314","C04332"
"2315","C04454"
"2316","C04732"
"2317","C05995"
"2318","C15556"
"2319","C15563"
"2320","C18910"
"2321","C21214"
"2322","C21215"
"2323","C00250"
"2324","C00314"
"2325","C00534"
"2326","C00627"
"2327","C00647"
"2328","C00847"
"2329","C00971"
"2330","C01215"
"2331","C01270"
"2332","C03393"
"2333","C04106"
"2334","C04604"
"2335","C04690"
"2336","C04773"
"2337","C06050"
"2338","C06051"
"2339","C06052"
"2340","C06054"
"2341","C06055"
"2342","C06056"
"2343","C07335"
"2344","C11638"
"2345","C00153"
"2346","C00253"
"2347","C00455"
"2348","C00857"
"2349","C00922"
"2350","C01020"
"2351","C01056"
"2352","C01059"
"2353","C01185"
"2354","C01297"
"2355","C01596"
"2356","C02295"
"2357","C02918"
"2358","C02930"
"2359","C03043"
"2360","C03056"
"2361","C03150"
"2362","C03458"
"2363","C03652"
"2364","C04226"
"2365","C05380"
"2366","C05840"
"2367","C05841"
"2368","C05842"
"2369","C05843"
"2370","C06178"
"2371","C15523"
"2372","C15986"
"2373","C15987"
"2374","C16150"
"2375","C16151"
"2376","C16152"
"2377","C16159"
"2378","C16390"
"2379","C18232"
"2380","C19567"
"2381","C19569"
"2382","C19631"
"2383","C20361"
"2384","C20381"
"2385","C21075"
"2386","C21154"
"2387","C00522"
"2388","C00831"
"2389","C00882"
"2390","C00966"
"2391","C01053"
"2392","C01088"
"2393","C01134"
"2394","C03688"
"2395","C04079"
"2396","C04352"
"2397","C05944"
"2398","C18911"
"2399","C00120"
"2400","C01037"
"2401","C01063"
"2402","C01092"
"2403","C01894"
"2404","C01909"
"2405","C02656"
"2406","C05552"
"2407","C05921"
"2408","C06250"
"2409","C19673"
"2410","C19845"
"2411","C19846"
"2412","C20372"
"2413","C20373"
"2414","C20374"
"2415","C20375"
"2416","C20376"
"2417","C20377"
"2418","C20378"
"2419","C20384"
"2420","C20385"
"2421","C20386"
"2422","C20387"
"2423","C22458"
"2424","C02147"
"2425","C16238"
"2426","C16241"
"2427","C22159"
"2428","C22160"
"2429","C22161"
"2430","C00268"
"2431","C00272"
"2432","C00568"
"2433","C00835"
"2434","C00921"
"2435","C01217"
"2436","C01300"
"2437","C02587"
"2438","C02953"
"2439","C03541"
"2440","C03684"
"2441","C04244"
"2442","C04807"
"2443","C04874"
"2444","C04895"
"2445","C05922"
"2446","C05923"
"2447","C05924"
"2448","C05925"
"2449","C05926"
"2450","C05927"
"2451","C06148"
"2452","C06313"
"2453","C09332"
"2454","C11355"
"2455","C15522"
"2456","C15996"
"2457","C16675"
"2458","C18237"
"2459","C18239"
"2460","C18802"
"2461","C19848"
"2462","C19871"
"2463","C20239"
"2464","C20248"
"2465","C20264"
"2466","C20559"
"2467","C20562"
"2468","C20566"
"2469","C20567"
"2470","C21007"
"2471","C21008"
"2472","C21065"
"2473","C21094"
"2474","C21107"
"2475","C21310"
"2476","C21485"
"2477","C21486"
"2478","C21640"
"2479","C00376"
"2480","C00473"
"2481","C00777"
"2482","C00778"
"2483","C00899"
"2484","C02075"
"2485","C02094"
"2486","C02110"
"2487","C02588"
"2488","C03455"
"2489","C05914"
"2490","C05915"
"2491","C05916"
"2492","C05917"
"2493","C11061"
"2494","C15492"
"2495","C15493"
"2496","C16677"
"2497","C16678"
"2498","C16679"
"2499","C16680"
"2500","C16681"
"2501","C16682"
"2502","C16683"
"2503","C21797"
"2504","C00032"
"2505","C00194"
"2506","C00486"
"2507","C00500"
"2508","C00541"
"2509","C00748"
"2510","C00853"
"2511","C00931"
"2512","C00992"
"2513","C01024"
"2514","C01051"
"2515","C01079"
"2516","C01708"
"2517","C02139"
"2518","C02191"
"2519","C02463"
"2520","C02469"
"2521","C02800"
"2522","C02823"
"2523","C02880"
"2524","C02987"
"2525","C03029"
"2526","C03179"
"2527","C03263"
"2528","C03516"
"2529","C03741"
"2530","C04122"
"2531","C04536"
"2532","C04778"
"2533","C05306"
"2534","C05307"
"2535","C05766"
"2536","C05767"
"2537","C05768"
"2538","C05769"
"2539","C05770"
"2540","C05772"
"2541","C05773"
"2542","C05774"
"2543","C05775"
"2544","C05777"
"2545","C05778"
"2546","C05779"
"2547","C05780"
"2548","C05781"
"2549","C05782"
"2550","C05783"
"2551","C05784"
"2552","C05785"
"2553","C05786"
"2554","C05787"
"2555","C05789"
"2556","C05790"
"2557","C05791"
"2558","C05793"
"2559","C05794"
"2560","C05795"
"2561","C05797"
"2562","C05798"
"2563","C05912"
"2564","C05913"
"2565","C06319"
"2566","C06320"
"2567","C06399"
"2568","C06406"
"2569","C06407"
"2570","C06408"
"2571","C06416"
"2572","C06503"
"2573","C06504"
"2574","C06505"
"2575","C06506"
"2576","C06507"
"2577","C06508"
"2578","C06509"
"2579","C06510"
"2580","C11242"
"2581","C11243"
"2582","C11538"
"2583","C11540"
"2584","C11542"
"2585","C11543"
"2586","C11545"
"2587","C11630"
"2588","C11829"
"2589","C11830"
"2590","C11831"
"2591","C11832"
"2592","C11850"
"2593","C11851"
"2594","C12147"
"2595","C14818"
"2596","C14819"
"2597","C15670"
"2598","C15672"
"2599","C16242"
"2600","C16243"
"2601","C16244"
"2602","C16540"
"2603","C16541"
"2604","C17401"
"2605","C18021"
"2606","C18022"
"2607","C18064"
"2608","C18098"
"2609","C18151"
"2610","C18152"
"2611","C18153"
"2612","C18154"
"2613","C18155"
"2614","C18156"
"2615","C18157"
"2616","C18160"
"2617","C18161"
"2618","C18162"
"2619","C18163"
"2620","C19608"
"2621","C20666"
"2622","C21217"
"2623","C21284"
"2624","C21427"
"2625","C21428"
"2626","C21429"
"2627","C21431"
"2628","C21432"
"2629","C21433"
"2630","C21434"
"2631","C21435"
"2632","C21510"
"2633","C21511"
"2634","C21512"
"2635","C21582"
"2636","C21723"
"2637","C21724"
"2638","C21764"
"2639","C21835"
"2640","C22338"
"2641","C22339"
"2642","C22450"
"2643","C22451"
"2644","C00129"
"2645","C00418"
"2646","C01107"
"2647","C01126"
"2648","C01143"
"2649","C01230"
"2650","C02321"
"2651","C03461"
"2652","C04146"
"2653","C04216"
"2654","C04506"
"2655","C04574"
"2656","C04748"
"2657","C05859"
"2658","C11434"
"2659","C11435"
"2660","C11436"
"2661","C11453"
"2662","C11811"
"2663","C16521"
"2664","C16826"
"2665","C17432"
"2666","C18321"
"2667","C19691"
"2668","C19760"
"2669","C19852"
"2670","C19853"
"2671","C20120"
"2672","C20121"
"2673","C20345"
"2674","C20847"
"2675","C20848"
"2676","C22453"
"2677","C00088"
"2678","C00192"
"2679","C00244"
"2680","C00488"
"2681","C00697"
"2682","C00726"
"2683","C00887"
"2684","C01417"
"2685","C05361"
"2686","C06058"
"2687","C00087"
"2688","C00320"
"2689","C00580"
"2690","C01861"
"2691","C02084"
"2692","C03920"
"2693","C04022"
"2694","C11142"
"2695","C11143"
"2696","C11145"
"2697","C15521"
"2698","C17267"
"2699","C19692"
"2700","C20870"
"2701","C20955"
"2702","C00886"
"2703","C01931"
"2704","C02047"
"2705","C02163"
"2706","C02282"
"2707","C02412"
"2708","C02430"
"2709","C02553"
"2710","C02554"
"2711","C02702"
"2712","C02839"
"2713","C02984"
"2714","C02988"
"2715","C02992"
"2716","C03125"
"2717","C03127"
"2718","C03294"
"2719","C03402"
"2720","C03511"
"2721","C03512"
"2722","C06112"
"2723","C06113"
"2724","C16138"
"2725","C17022"
"2726","C17027"
"2727","C00745"
"2728","C00829"
"2729","C02617"
"2730","C03012"
"2731","C06205"
"2732","C06755"
"2733","C06790"
"2734","C06800"
"2735","C06899"
"2736","C07490"
"2737","C07535"
"2738","C11036"
"2739","C11088"
"2740","C11148"
"2741","C11149"
"2742","C11150"
"2743","C11278"
"2744","C11713"
"2745","C11714"
"2746","C14039"
"2747","C14040"
"2748","C14453"
"2749","C14556"
"2750","C14783"
"2751","C14784"
"2752","C14785"
"2753","C14786"
"2754","C14787"
"2755","C14788"
"2756","C14789"
"2757","C14790"
"2758","C14791"
"2759","C14792"
"2760","C14793"
"2761","C14796"
"2762","C14797"
"2763","C14798"
"2764","C14799"
"2765","C14800"
"2766","C14801"
"2767","C14802"
"2768","C14803"
"2769","C14804"
"2770","C14805"
"2771","C14806"
"2772","C14839"
"2773","C14840"
"2774","C14841"
"2775","C14842"
"2776","C14843"
"2777","C14844"
"2778","C14845"
"2779","C14846"
"2780","C14847"
"2781","C14848"
"2782","C14849"
"2783","C14850"
"2784","C14851"
"2785","C14852"
"2786","C14853"
"2787","C14854"
"2788","C14855"
"2789","C14856"
"2790","C14857"
"2791","C14858"
"2792","C14859"
"2793","C14860"
"2794","C14861"
"2795","C14862"
"2796","C14863"
"2797","C14864"
"2798","C14865"
"2799","C14866"
"2800","C14867"
"2801","C14868"
"2802","C14869"
"2803","C14870"
"2804","C14871"
"2805","C14872"
"2806","C14873"
"2807","C14874"
"2808","C14875"
"2809","C14876"
"2810","C14877"
"2811","C16453"
"2812","C16756"
"2813","C19488"
"2814","C19489"
"2815","C19490"
"2816","C19559"
"2817","C19561"
"2818","C19562"
"2819","C19563"
"2820","C19564"
"2821","C19565"
"2822","C19566"
"2823","C19568"
"2824","C19574"
"2825","C19577"
"2826","C19578"
"2827","C19579"
"2828","C19580"
"2829","C19581"
"2830","C19582"
"2831","C19585"
"2832","C19586"
"2833","C19588"
"2834","C19589"
"2835","C19590"
"2836","C19591"
"2837","C19592"
"2838","C19594"
"2839","C19595"
"2840","C19602"
"2841","C19603"
"2842","C19604"
"2843","C19605"
"2844","C19606"
"2845","C19607"
"2846","C01471"
"2847","C01516"
"2848","C05011"
"2849","C06174"
"2850","C06754"
"2851","C06868"
"2852","C07047"
"2853","C07073"
"2854","C07108"
"2855","C07163"
"2856","C07185"
"2857","C07492"
"2858","C07493"
"2859","C07495"
"2860","C07496"
"2861","C07501"
"2862","C07572"
"2863","C07643"
"2864","C07644"
"2865","C07645"
"2866","C07646"
"2867","C07647"
"2868","C07888"
"2869","C08012"
"2870","C11004"
"2871","C11583"
"2872","C11785"
"2873","C16544"
"2874","C16545"
"2875","C16546"
"2876","C16547"
"2877","C16548"
"2878","C16549"
"2879","C16550"
"2880","C16551"
"2881","C16552"
"2882","C16553"
"2883","C16554"
"2884","C16555"
"2885","C16556"
"2886","C16557"
"2887","C16558"
"2888","C16559"
"2889","C16560"
"2890","C16561"
"2891","C16569"
"2892","C16570"
"2893","C16571"
"2894","C16572"
"2895","C16576"
"2896","C16577"
"2897","C16578"
"2898","C16582"
"2899","C16584"
"2900","C16586"
"2901","C16587"
"2902","C16591"
"2903","C16592"
"2904","C16595"
"2905","C16596"
"2906","C16601"
"2907","C16602"
"2908","C16603"
"2909","C16604"
"2910","C16605"
"2911","C16606"
"2912","C16607"
"2913","C16608"
"2914","C16609"
"2915","C16610"
"2916","C16612"
"2917","C16643"
"2918","C16648"
"2919","C16649"
"2920","C16650"
"2921","C16651"
"2922","C16652"
"2923","C16653"
"2924","C16654"
"2925","C16655"
"2926","C16656"
"2927","C16657"
"2928","C16658"
"2929","C16659"
"2930","C16660"
"2931","C16661"
"2932","C16662"
"2933","D00195"
"2934","D00252"
"2935","D00343"
"2936","D00358"
"2937","D00399"
"2938","D00533"
"2939","D00536"
"2940","D04716"
"2941","D07704"
"2942","D07760"
"2943","D08195"
"2944","D08233"
"2945","D08559"
"2946","C02380"
"2947","C04242"
"2948","C04646"
"2949","C06108"
"2950","C06837"
"2951","C07054"
"2952","C07446"
"2953","C07447"
"2954","C07585"
"2955","C07648"
"2956","C07649"
"2957","C11173"
"2958","C11376"
"2959","C11736"
"2960","C12650"
"2961","C12673"
"2962","C12739"
"2963","C13252"
"2964","C16542"
"2965","C16543"
"2966","C16613"
"2967","C16614"
"2968","C16615"
"2969","C16616"
"2970","C16617"
"2971","C16618"
"2972","C16619"
"2973","C16620"
"2974","C16621"
"2975","C16622"
"2976","C16623"
"2977","C16624"
"2978","C16625"
"2979","C16630"
"2980","C16631"
"2981","C16632"
"2982","C16633"
"2983","C16634"
"2984","C16635"
"2985","C16641"
"2986","C21748"
"2987","C21749"
"2988","C21750"
"2989","C21751"
"2990","C21754"
"2991","C21758"
"2992","C21759"
"2993","C21760"
"2994","D00238"
"2995","D00346"
"2996","D00584"
"2997","D01223"
"2998","D01244"
"2999","D01309"
"3000","D01784"
"3001","D04197"
"3002","D04931"
"3003","D08086"
"3004","D08603"
